pokedex_number,name,type1,type2,Sum,hp,attack,defense,sp_attack,sp_defense,speed,generation,is_legendary
1,Bulbasaur,grass,poison,318,45,49,49,65,65,45,1,FALSE
2,Ivysaur,grass,poison,405,60,62,63,80,80,60,1,FALSE
3,Venusaur,grass,poison,625,80,100,123,122,120,80,1,FALSE
4,Charmander,fire,,309,39,52,43,60,50,65,1,FALSE
5,Charmeleon,fire,,405,58,64,58,80,65,80,1,FALSE
6,Charizard,fire,flying,634,78,104,78,159,115,100,1,FALSE
7,Squirtle,water,,314,44,48,65,50,64,43,1,FALSE
8,Wartortle,water,,405,59,63,80,65,80,58,1,FALSE
9,Blastoise,water,,630,79,103,120,135,115,78,1,FALSE
10,Caterpie,bug,,195,45,30,35,20,20,45,1,FALSE
11,Metapod,bug,,205,50,20,55,25,25,30,1,FALSE
12,Butterfree,bug,flying,395,60,45,50,90,80,70,1,FALSE
13,Weedle,bug,poison,195,40,35,30,20,20,50,1,FALSE
14,Kakuna,bug,poison,205,45,25,50,25,25,35,1,FALSE
15,Beedrill,bug,poison,495,65,150,40,15,80,145,1,FALSE
16,Pidgey,normal,flying,251,40,45,40,35,35,56,1,FALSE
17,Pidgeotto,normal,flying,349,63,60,55,50,50,71,1,FALSE
18,Pidgeot,normal,flying,579,83,80,80,135,80,121,1,FALSE
19,Rattata,normal,dark,253,30,56,35,25,35,72,1,FALSE
20,Raticate,normal,dark,413,75,71,70,40,80,77,1,FALSE
21,Spearow,normal,flying,262,40,60,30,31,31,70,1,FALSE
22,Fearow,normal,flying,442,65,90,65,61,61,100,1,FALSE
23,Ekans,poison,,288,35,60,44,40,54,55,1,FALSE
24,Arbok,poison,,448,60,95,69,65,79,80,1,FALSE
25,Pikachu,electric,,320,35,55,40,50,50,90,1,FALSE
26,Raichu,electric,electric,485,60,85,50,95,85,110,1,FALSE
27,Sandshrew,ground,ice,300,50,75,90,10,35,40,1,FALSE
28,Sandslash,ground,ice,450,75,100,120,25,65,65,1,FALSE
29,Nidoran♀,poison,,275,55,47,52,40,40,41,1,FALSE
30,Nidorina,poison,,365,70,62,67,55,55,56,1,FALSE
31,Nidoqueen,poison,ground,505,90,92,87,75,85,76,1,FALSE
32,Nidoran♂,poison,,273,46,57,40,40,40,50,1,FALSE
33,Nidorino,poison,,365,61,72,57,55,55,65,1,FALSE
34,Nidoking,poison,ground,505,81,102,77,85,75,85,1,FALSE
35,Clefairy,fairy,,323,70,45,48,60,65,35,1,FALSE
36,Clefable,fairy,,483,95,70,73,95,90,60,1,FALSE
37,Vulpix,fire,ice,299,38,41,40,50,65,65,1,FALSE
38,Ninetales,fire,ice,505,73,67,75,81,100,109,1,FALSE
39,Jigglypuff,normal,fairy,270,115,45,20,45,25,20,1,FALSE
40,Wigglytuff,normal,fairy,435,140,70,45,85,50,45,1,FALSE
41,Zubat,poison,flying,245,40,45,35,30,40,55,1,FALSE
42,Golbat,poison,flying,455,75,80,70,65,75,90,1,FALSE
43,Oddish,grass,poison,320,45,50,55,75,65,30,1,FALSE
44,Gloom,grass,poison,395,60,65,70,85,75,40,1,FALSE
45,Vileplume,grass,poison,490,75,80,85,110,90,50,1,FALSE
46,Paras,bug,grass,285,35,70,55,45,55,25,1,FALSE
47,Parasect,bug,grass,405,60,95,80,60,80,30,1,FALSE
48,Venonat,bug,poison,305,60,55,50,40,55,45,1,FALSE
49,Venomoth,bug,poison,450,70,65,60,90,75,90,1,FALSE
50,Diglett,ground,ground,265,10,55,30,35,45,90,1,FALSE
51,Dugtrio,ground,ground,425,35,100,60,50,70,110,1,FALSE
52,Meowth,normal,dark,290,40,35,35,50,40,90,1,FALSE
53,Persian,normal,dark,440,65,60,60,75,65,115,1,FALSE
54,Psyduck,water,,320,50,52,48,65,50,55,1,FALSE
55,Golduck,water,,500,80,82,78,95,80,85,1,FALSE
56,Mankey,fighting,,305,40,80,35,35,45,70,1,FALSE
57,Primeape,fighting,,455,65,105,60,60,70,95,1,FALSE
58,Growlithe,fire,,350,55,70,45,70,50,60,1,FALSE
59,Arcanine,fire,,555,90,110,80,100,80,95,1,FALSE
60,Poliwag,water,,300,40,50,40,40,40,90,1,FALSE
61,Poliwhirl,water,,385,65,65,65,50,50,90,1,FALSE
62,Poliwrath,water,fighting,510,90,95,95,70,90,70,1,FALSE
63,Abra,psychic,,310,25,20,15,105,55,90,1,FALSE
64,Kadabra,psychic,,400,40,35,30,120,70,105,1,FALSE
65,Alakazam,psychic,,600,55,50,65,175,105,150,1,FALSE
66,Machop,fighting,,305,70,80,50,35,35,35,1,FALSE
67,Machoke,fighting,,405,80,100,70,50,60,45,1,FALSE
68,Machamp,fighting,,505,90,130,80,65,85,55,1,FALSE
69,Bellsprout,grass,poison,300,50,75,35,70,30,40,1,FALSE
70,Weepinbell,grass,poison,390,65,90,50,85,45,55,1,FALSE
71,Victreebel,grass,poison,490,80,105,65,100,70,70,1,FALSE
72,Tentacool,water,poison,335,40,40,35,50,100,70,1,FALSE
73,Tentacruel,water,poison,515,80,70,65,80,120,100,1,FALSE
74,Geodude,rock,ground,300,40,80,100,30,30,20,1,FALSE
75,Graveler,rock,ground,390,55,95,115,45,45,35,1,FALSE
76,Golem,rock,ground,495,80,120,130,55,65,45,1,FALSE
77,Ponyta,fire,,410,50,85,55,65,65,90,1,FALSE
78,Rapidash,fire,,500,65,100,70,80,80,105,1,FALSE
79,Slowpoke,water,psychic,315,90,65,65,40,40,15,1,FALSE
80,Slowbro,water,psychic,590,95,75,180,130,80,30,1,FALSE
81,Magnemite,electric,steel,325,25,35,70,95,55,45,1,FALSE
82,Magneton,electric,steel,465,50,60,95,120,70,70,1,FALSE
83,Farfetch'd,normal,flying,377,52,90,55,58,62,60,1,FALSE
84,Doduo,normal,flying,310,35,85,45,35,35,75,1,FALSE
85,Dodrio,normal,flying,470,60,110,70,60,60,110,1,FALSE
86,Seel,water,,325,65,45,55,45,70,45,1,FALSE
87,Dewgong,water,ice,475,90,70,80,70,95,70,1,FALSE
88,Grimer,poison,poison,325,80,80,50,40,50,25,1,FALSE
89,Muk,poison,poison,500,105,105,75,65,100,50,1,FALSE
90,Shellder,water,,305,30,65,100,45,25,40,1,FALSE
91,Cloyster,water,ice,525,50,95,180,85,45,70,1,FALSE
92,Gastly,ghost,poison,310,30,35,30,100,35,80,1,FALSE
93,Haunter,ghost,poison,405,45,50,45,115,55,95,1,FALSE
94,Gengar,ghost,poison,600,60,65,80,170,95,130,1,FALSE
95,Onix,rock,ground,385,35,45,160,30,45,70,1,FALSE
96,Drowzee,psychic,,328,60,48,45,43,90,42,1,FALSE
97,Hypno,psychic,,483,85,73,70,73,115,67,1,FALSE
98,Krabby,water,,325,30,105,90,25,25,50,1,FALSE
99,Kingler,water,,475,55,130,115,50,50,75,1,FALSE
100,Voltorb,electric,,330,40,30,50,55,55,100,1,FALSE
101,Electrode,electric,,490,60,50,70,80,80,150,1,FALSE
102,Exeggcute,grass,psychic,325,60,40,80,60,45,40,1,FALSE
103,Exeggutor,grass,psychic,530,95,105,85,125,75,45,1,FALSE
104,Cubone,ground,,320,50,50,95,40,50,35,1,FALSE
105,Marowak,ground,fire,425,60,80,110,50,80,45,1,FALSE
106,Hitmonlee,fighting,,455,50,120,53,35,110,87,1,FALSE
107,Hitmonchan,fighting,,455,50,105,79,35,110,76,1,FALSE
108,Lickitung,normal,,385,90,55,75,60,75,30,1,FALSE
109,Koffing,poison,,340,40,65,95,60,45,35,1,FALSE
110,Weezing,poison,,490,65,90,120,85,70,60,1,FALSE
111,Rhyhorn,ground,rock,345,80,85,95,30,30,25,1,FALSE
112,Rhydon,ground,rock,485,105,130,120,45,45,40,1,FALSE
113,Chansey,normal,,450,250,5,5,35,105,50,1,FALSE
114,Tangela,grass,,435,65,55,115,100,40,60,1,FALSE
115,Kangaskhan,normal,,590,105,125,100,60,100,100,1,FALSE
116,Horsea,water,,295,30,40,70,70,25,60,1,FALSE
117,Seadra,water,,440,55,65,95,95,45,85,1,FALSE
118,Goldeen,water,,320,45,67,60,35,50,63,1,FALSE
119,Seaking,water,,450,80,92,65,65,80,68,1,FALSE
120,Staryu,water,,340,30,45,55,70,55,85,1,FALSE
121,Starmie,water,psychic,520,60,75,85,100,85,115,1,FALSE
122,Mr. Mime,psychic,fairy,460,40,45,65,100,120,90,1,FALSE
123,Scyther,bug,flying,500,70,110,80,55,80,105,1,FALSE
124,Jynx,ice,psychic,455,65,50,35,115,95,95,1,FALSE
125,Electabuzz,electric,,490,65,83,57,95,85,105,1,FALSE
126,Magmar,fire,,495,65,95,57,100,85,93,1,FALSE
127,Pinsir,bug,,600,65,155,120,65,90,105,1,FALSE
128,Tauros,normal,,490,75,100,95,40,70,110,1,FALSE
129,Magikarp,water,,200,20,10,55,15,20,80,1,FALSE
130,Gyarados,water,flying,640,95,155,109,70,130,81,1,FALSE
131,Lapras,water,ice,535,130,85,80,85,95,60,1,FALSE
132,Ditto,normal,,288,48,48,48,48,48,48,1,FALSE
133,Eevee,normal,,325,55,55,50,45,65,55,1,FALSE
134,Vaporeon,water,,525,130,65,60,110,95,65,1,FALSE
135,Jolteon,electric,,525,65,65,60,110,95,130,1,FALSE
136,Flareon,fire,,525,65,130,60,95,110,65,1,FALSE
137,Porygon,normal,,395,65,60,70,85,75,40,1,FALSE
138,Omanyte,rock,water,355,35,40,100,90,55,35,1,FALSE
139,Omastar,rock,water,495,70,60,125,115,70,55,1,FALSE
140,Kabuto,rock,water,355,30,80,90,55,45,55,1,FALSE
141,Kabutops,rock,water,495,60,115,105,65,70,80,1,FALSE
142,Aerodactyl,rock,flying,615,80,135,85,70,95,150,1,FALSE
143,Snorlax,normal,,540,160,110,65,65,110,30,1,FALSE
144,Articuno,ice,flying,580,90,85,100,95,125,85,1,TRUE
145,Zapdos,electric,flying,580,90,90,85,125,90,100,1,TRUE
146,Moltres,fire,flying,580,90,100,90,125,85,90,1,TRUE
147,Dratini,dragon,,300,41,64,45,50,50,50,1,FALSE
148,Dragonair,dragon,,420,61,84,65,70,70,70,1,FALSE
149,Dragonite,dragon,flying,600,91,134,95,100,100,80,1,FALSE
150,Mewtwo,psychic,,780,106,150,70,194,120,140,1,TRUE
151,Mew,psychic,,600,100,100,100,100,100,100,1,TRUE
152,Chikorita,grass,,318,45,49,65,49,65,45,2,FALSE
153,Bayleef,grass,,405,60,62,80,63,80,60,2,FALSE
154,Meganium,grass,,525,80,82,100,83,100,80,2,FALSE
155,Cyndaquil,fire,,309,39,52,43,60,50,65,2,FALSE
156,Quilava,fire,,405,58,64,58,80,65,80,2,FALSE
157,Typhlosion,fire,,534,78,84,78,109,85,100,2,FALSE
158,Totodile,water,,314,50,65,64,44,48,43,2,FALSE
159,Croconaw,water,,405,65,80,80,59,63,58,2,FALSE
160,Feraligatr,water,,530,85,105,100,79,83,78,2,FALSE
161,Sentret,normal,,215,35,46,34,35,45,20,2,FALSE
162,Furret,normal,,415,85,76,64,45,55,90,2,FALSE
163,Hoothoot,normal,flying,262,60,30,30,36,56,50,2,FALSE
164,Noctowl,normal,flying,452,100,50,50,86,96,70,2,FALSE
165,Ledyba,bug,flying,265,40,20,30,40,80,55,2,FALSE
166,Ledian,bug,flying,390,55,35,50,55,110,85,2,FALSE
167,Spinarak,bug,poison,250,40,60,40,40,40,30,2,FALSE
168,Ariados,bug,poison,400,70,90,70,60,70,40,2,FALSE
169,Crobat,poison,flying,535,85,90,80,70,80,130,2,FALSE
170,Chinchou,water,electric,330,75,38,38,56,56,67,2,FALSE
171,Lanturn,water,electric,460,125,58,58,76,76,67,2,FALSE
172,Pichu,electric,,205,20,40,15,35,35,60,2,FALSE
173,Cleffa,fairy,,218,50,25,28,45,55,15,2,FALSE
174,Igglybuff,normal,fairy,210,90,30,15,40,20,15,2,FALSE
175,Togepi,fairy,,245,35,20,65,40,65,20,2,FALSE
176,Togetic,fairy,flying,405,55,40,85,80,105,40,2,FALSE
177,Natu,psychic,flying,320,40,50,45,70,45,70,2,FALSE
178,Xatu,psychic,flying,470,65,75,70,95,70,95,2,FALSE
179,Mareep,electric,,280,55,40,40,65,45,35,2,FALSE
180,Flaaffy,electric,,365,70,55,55,80,60,45,2,FALSE
181,Ampharos,electric,,610,90,95,105,165,110,45,2,FALSE
182,Bellossom,grass,,490,75,80,95,90,100,50,2,FALSE
183,Marill,water,fairy,250,70,20,50,20,50,40,2,FALSE
184,Azumarill,water,fairy,420,100,50,80,60,80,50,2,FALSE
185,Sudowoodo,rock,,410,70,100,115,30,65,30,2,FALSE
186,Politoed,water,,500,90,75,75,90,100,70,2,FALSE
187,Hoppip,grass,flying,250,35,35,40,35,55,50,2,FALSE
188,Skiploom,grass,flying,340,55,45,50,45,65,80,2,FALSE
189,Jumpluff,grass,flying,460,75,55,70,55,95,110,2,FALSE
190,Aipom,normal,,360,55,70,55,40,55,85,2,FALSE
191,Sunkern,grass,,180,30,30,30,30,30,30,2,FALSE
192,Sunflora,grass,,425,75,75,55,105,85,30,2,FALSE
193,Yanma,bug,flying,390,65,65,45,75,45,95,2,FALSE
194,Wooper,water,ground,210,55,45,45,25,25,15,2,FALSE
195,Quagsire,water,ground,430,95,85,85,65,65,35,2,FALSE
196,Espeon,psychic,,525,65,65,60,130,95,110,2,FALSE
197,Umbreon,dark,,525,95,65,110,60,130,65,2,FALSE
198,Murkrow,dark,flying,405,60,85,42,85,42,91,2,FALSE
199,Slowking,water,psychic,490,95,75,80,100,110,30,2,FALSE
200,Misdreavus,ghost,,435,60,60,60,85,85,85,2,FALSE
201,Unown,psychic,,336,48,72,48,72,48,48,2,FALSE
202,Wobbuffet,psychic,,405,190,33,58,33,58,33,2,FALSE
203,Girafarig,normal,psychic,455,70,80,65,90,65,85,2,FALSE
204,Pineco,bug,,290,50,65,90,35,35,15,2,FALSE
205,Forretress,bug,steel,465,75,90,140,60,60,40,2,FALSE
206,Dunsparce,normal,,415,100,70,70,65,65,45,2,FALSE
207,Gligar,ground,flying,430,65,75,105,35,65,85,2,FALSE
208,Steelix,steel,ground,610,75,125,230,55,95,30,2,FALSE
209,Snubbull,fairy,,300,60,80,50,40,40,30,2,FALSE
210,Granbull,fairy,,450,90,120,75,60,60,45,2,FALSE
211,Qwilfish,water,poison,440,65,95,85,55,55,85,2,FALSE
212,Scizor,bug,steel,600,70,150,140,65,100,75,2,FALSE
213,Shuckle,bug,rock,505,20,10,230,10,230,5,2,FALSE
214,Heracross,bug,fighting,600,80,185,115,40,105,75,2,FALSE
215,Sneasel,dark,ice,430,55,95,55,35,75,115,2,FALSE
216,Teddiursa,normal,,330,60,80,50,50,50,40,2,FALSE
217,Ursaring,normal,,500,90,130,75,75,75,55,2,FALSE
218,Slugma,fire,,250,40,40,40,70,40,20,2,FALSE
219,Magcargo,fire,rock,430,60,50,120,90,80,30,2,FALSE
220,Swinub,ice,ground,250,50,50,40,30,30,50,2,FALSE
221,Piloswine,ice,ground,450,100,100,80,60,60,50,2,FALSE
222,Corsola,water,rock,410,65,55,95,65,95,35,2,FALSE
223,Remoraid,water,,300,35,65,35,65,35,65,2,FALSE
224,Octillery,water,,480,75,105,75,105,75,45,2,FALSE
225,Delibird,ice,flying,330,45,55,45,65,45,75,2,FALSE
226,Mantine,water,flying,485,85,40,70,80,140,70,2,FALSE
227,Skarmory,steel,flying,465,65,80,140,40,70,70,2,FALSE
228,Houndour,dark,fire,330,45,60,30,80,50,65,2,FALSE
229,Houndoom,dark,fire,600,75,90,90,140,90,115,2,FALSE
230,Kingdra,water,dragon,540,75,95,95,95,95,85,2,FALSE
231,Phanpy,ground,,330,90,60,60,40,40,40,2,FALSE
232,Donphan,ground,,500,90,120,120,60,60,50,2,FALSE
233,Porygon2,normal,,515,85,80,90,105,95,60,2,FALSE
234,Stantler,normal,,465,73,95,62,85,65,85,2,FALSE
235,Smeargle,normal,,250,55,20,35,20,45,75,2,FALSE
236,Tyrogue,fighting,,210,35,35,35,35,35,35,2,FALSE
237,Hitmontop,fighting,,455,50,95,95,35,110,70,2,FALSE
238,Smoochum,ice,psychic,305,45,30,15,85,65,65,2,FALSE
239,Elekid,electric,,360,45,63,37,65,55,95,2,FALSE
240,Magby,fire,,365,45,75,37,70,55,83,2,FALSE
241,Miltank,normal,,490,95,80,105,40,70,100,2,FALSE
242,Blissey,normal,,540,255,10,10,75,135,55,2,FALSE
243,Raikou,electric,,580,90,85,75,115,100,115,2,TRUE
244,Entei,fire,,580,115,115,85,90,75,100,2,TRUE
245,Suicune,water,,580,100,75,115,90,115,85,2,TRUE
246,Larvitar,rock,ground,300,50,64,50,45,50,41,2,FALSE
247,Pupitar,rock,ground,410,70,84,70,65,70,51,2,FALSE
248,Tyranitar,rock,dark,700,100,164,150,95,120,71,2,FALSE
249,Lugia,psychic,flying,680,106,90,130,90,154,110,2,TRUE
250,Ho-Oh,fire,flying,680,106,130,90,110,154,90,2,TRUE
251,Celebi,psychic,grass,600,100,100,100,100,100,100,2,TRUE
252,Treecko,grass,,310,40,45,35,65,55,70,3,FALSE
253,Grovyle,grass,,405,50,65,45,85,65,95,3,FALSE
254,Sceptile,grass,,630,70,110,75,145,85,145,3,FALSE
255,Torchic,fire,,310,45,60,40,70,50,45,3,FALSE
256,Combusken,fire,fighting,405,60,85,60,85,60,55,3,FALSE
257,Blaziken,fire,fighting,630,80,160,80,130,80,100,3,FALSE
258,Mudkip,water,,310,50,70,50,50,50,40,3,FALSE
259,Marshtomp,water,ground,405,70,85,70,60,70,50,3,FALSE
260,Swampert,water,ground,635,100,150,110,95,110,70,3,FALSE
261,Poochyena,dark,,220,35,55,35,30,30,35,3,FALSE
262,Mightyena,dark,,420,70,90,70,60,60,70,3,FALSE
263,Zigzagoon,normal,,240,38,30,41,30,41,60,3,FALSE
264,Linoone,normal,,420,78,70,61,50,61,100,3,FALSE
265,Wurmple,bug,,195,45,45,35,20,30,20,3,FALSE
266,Silcoon,bug,,205,50,35,55,25,25,15,3,FALSE
267,Beautifly,bug,flying,395,60,70,50,100,50,65,3,FALSE
268,Cascoon,bug,,205,50,35,55,25,25,15,3,FALSE
269,Dustox,bug,poison,385,60,50,70,50,90,65,3,FALSE
270,Lotad,water,grass,220,40,30,30,40,50,30,3,FALSE
271,Lombre,water,grass,340,60,50,50,60,70,50,3,FALSE
272,Ludicolo,water,grass,480,80,70,70,90,100,70,3,FALSE
273,Seedot,grass,,220,40,40,50,30,30,30,3,FALSE
274,Nuzleaf,grass,dark,340,70,70,40,60,40,60,3,FALSE
275,Shiftry,grass,dark,480,90,100,60,90,60,80,3,FALSE
276,Taillow,normal,flying,270,40,55,30,30,30,85,3,FALSE
277,Swellow,normal,flying,455,60,85,60,75,50,125,3,FALSE
278,Wingull,water,flying,270,40,30,30,55,30,85,3,FALSE
279,Pelipper,water,flying,440,60,50,100,95,70,65,3,FALSE
280,Ralts,psychic,fairy,198,28,25,25,45,35,40,3,FALSE
281,Kirlia,psychic,fairy,278,38,35,35,65,55,50,3,FALSE
282,Gardevoir,psychic,fairy,618,68,85,65,165,135,100,3,FALSE
283,Surskit,bug,water,269,40,30,32,50,52,65,3,FALSE
284,Masquerain,bug,flying,454,70,60,62,100,82,80,3,FALSE
285,Shroomish,grass,,295,60,40,60,40,60,35,3,FALSE
286,Breloom,grass,fighting,460,60,130,80,60,60,70,3,FALSE
287,Slakoth,normal,,280,60,60,60,35,35,30,3,FALSE
288,Vigoroth,normal,,440,80,80,80,55,55,90,3,FALSE
289,Slaking,normal,,670,150,160,100,95,65,100,3,FALSE
290,Nincada,bug,ground,266,31,45,90,30,30,40,3,FALSE
291,Ninjask,bug,flying,456,61,90,45,50,50,160,3,FALSE
292,Shedinja,bug,ghost,236,1,90,45,30,30,40,3,FALSE
293,Whismur,normal,,240,64,51,23,51,23,28,3,FALSE
294,Loudred,normal,,360,84,71,43,71,43,48,3,FALSE
295,Exploud,normal,,490,104,91,63,91,73,68,3,FALSE
296,Makuhita,fighting,,237,72,60,30,20,30,25,3,FALSE
297,Hariyama,fighting,,474,144,120,60,40,60,50,3,FALSE
298,Azurill,normal,fairy,190,50,20,40,20,40,20,3,FALSE
299,Nosepass,rock,,375,30,45,135,45,90,30,3,FALSE
300,Skitty,normal,,260,50,45,45,35,35,50,3,FALSE
301,Delcatty,normal,,400,70,65,65,55,55,90,3,FALSE
302,Sableye,dark,ghost,480,50,85,125,85,115,20,3,FALSE
303,Mawile,steel,fairy,480,50,105,125,55,95,50,3,FALSE
304,Aron,steel,rock,330,50,70,100,40,40,30,3,FALSE
305,Lairon,steel,rock,430,60,90,140,50,50,40,3,FALSE
306,Aggron,steel,rock,630,70,140,230,60,80,50,3,FALSE
307,Meditite,fighting,psychic,280,30,40,55,40,55,60,3,FALSE
308,Medicham,fighting,psychic,510,60,100,85,80,85,100,3,FALSE
309,Electrike,electric,,295,40,45,40,65,40,65,3,FALSE
310,Manectric,electric,,575,70,75,80,135,80,135,3,FALSE
311,Plusle,electric,,405,60,50,40,85,75,95,3,FALSE
312,Minun,electric,,405,60,40,50,75,85,95,3,FALSE
313,Volbeat,bug,,430,65,73,75,47,85,85,3,FALSE
314,Illumise,bug,,430,65,47,75,73,85,85,3,FALSE
315,Roselia,grass,poison,400,50,60,45,100,80,65,3,FALSE
316,Gulpin,poison,,302,70,43,53,43,53,40,3,FALSE
317,Swalot,poison,,467,100,73,83,73,83,55,3,FALSE
318,Carvanha,water,dark,305,45,90,20,65,20,65,3,FALSE
319,Sharpedo,water,dark,560,70,140,70,110,65,105,3,FALSE
320,Wailmer,water,,400,130,70,35,70,35,60,3,FALSE
321,Wailord,water,,500,170,90,45,90,45,60,3,FALSE
322,Numel,fire,ground,305,60,60,40,65,45,35,3,FALSE
323,Camerupt,fire,ground,560,70,120,100,145,105,20,3,FALSE
324,Torkoal,fire,,470,70,85,140,85,70,20,3,FALSE
325,Spoink,psychic,,330,60,25,35,70,80,60,3,FALSE
326,Grumpig,psychic,,470,80,45,65,90,110,80,3,FALSE
327,Spinda,normal,,360,60,60,60,60,60,60,3,FALSE
328,Trapinch,ground,,290,45,100,45,45,45,10,3,FALSE
329,Vibrava,ground,dragon,340,50,70,50,50,50,70,3,FALSE
330,Flygon,ground,dragon,520,80,100,80,80,80,100,3,FALSE
331,Cacnea,grass,,335,50,85,40,85,40,35,3,FALSE
332,Cacturne,grass,dark,475,70,115,60,115,60,55,3,FALSE
333,Swablu,normal,flying,310,45,40,60,40,75,50,3,FALSE
334,Altaria,dragon,flying,590,75,110,110,110,105,80,3,FALSE
335,Zangoose,normal,,458,73,115,60,60,60,90,3,FALSE
336,Seviper,poison,,458,73,100,60,100,60,65,3,FALSE
337,Lunatone,rock,psychic,460,90,55,65,95,85,70,3,FALSE
338,Solrock,rock,psychic,460,90,95,85,55,65,70,3,FALSE
339,Barboach,water,ground,288,50,48,43,46,41,60,3,FALSE
340,Whiscash,water,ground,468,110,78,73,76,71,60,3,FALSE
341,Corphish,water,,308,43,80,65,50,35,35,3,FALSE
342,Crawdaunt,water,dark,468,63,120,85,90,55,55,3,FALSE
343,Baltoy,ground,psychic,300,40,40,55,40,70,55,3,FALSE
344,Claydol,ground,psychic,500,60,70,105,70,120,75,3,FALSE
345,Lileep,rock,grass,355,66,41,77,61,87,23,3,FALSE
346,Cradily,rock,grass,495,86,81,97,81,107,43,3,FALSE
347,Anorith,rock,bug,355,45,95,50,40,50,75,3,FALSE
348,Armaldo,rock,bug,495,75,125,100,70,80,45,3,FALSE
349,Feebas,water,,200,20,15,20,10,55,80,3,FALSE
350,Milotic,water,,540,95,60,79,100,125,81,3,FALSE
351,Castform,normal,,420,70,70,70,70,70,70,3,FALSE
352,Kecleon,normal,,440,60,90,70,60,120,40,3,FALSE
353,Shuppet,ghost,,295,44,75,35,63,33,45,3,FALSE
354,Banette,ghost,,555,64,165,75,93,83,75,3,FALSE
355,Duskull,ghost,,295,20,40,90,30,90,25,3,FALSE
356,Dusclops,ghost,,455,40,70,130,60,130,25,3,FALSE
357,Tropius,grass,flying,460,99,68,83,72,87,51,3,FALSE
358,Chimecho,psychic,,455,75,50,80,95,90,65,3,FALSE
359,Absol,dark,,565,65,150,60,115,60,115,3,FALSE
360,Wynaut,psychic,,260,95,23,48,23,48,23,3,FALSE
361,Snorunt,ice,,300,50,50,50,50,50,50,3,FALSE
362,Glalie,ice,,580,80,120,80,120,80,100,3,FALSE
363,Spheal,ice,water,290,70,40,50,55,50,25,3,FALSE
364,Sealeo,ice,water,410,90,60,70,75,70,45,3,FALSE
365,Walrein,ice,water,530,110,80,90,95,90,65,3,FALSE
366,Clamperl,water,,345,35,64,85,74,55,32,3,FALSE
367,Huntail,water,,485,55,104,105,94,75,52,3,FALSE
368,Gorebyss,water,,485,55,84,105,114,75,52,3,FALSE
369,Relicanth,water,rock,485,100,90,130,45,65,55,3,FALSE
370,Luvdisc,water,,330,43,30,55,40,65,97,3,FALSE
371,Bagon,dragon,,300,45,75,60,40,30,50,3,FALSE
372,Shelgon,dragon,,420,65,95,100,60,50,50,3,FALSE
373,Salamence,dragon,flying,700,95,145,130,120,90,120,3,FALSE
374,Beldum,steel,psychic,300,40,55,80,35,60,30,3,FALSE
375,Metang,steel,psychic,420,60,75,100,55,80,50,3,FALSE
376,Metagross,steel,psychic,700,80,145,150,105,110,110,3,FALSE
377,Regirock,rock,,580,80,100,200,50,100,50,3,TRUE
378,Regice,ice,,580,80,50,100,100,200,50,3,TRUE
379,Registeel,steel,,580,80,75,150,75,150,50,3,TRUE
380,Latias,dragon,psychic,700,80,100,120,140,150,110,3,TRUE
381,Latios,dragon,psychic,700,80,130,100,160,120,110,3,TRUE
382,Kyogre,water,,770,100,150,90,180,160,90,3,TRUE
383,Groudon,ground,,770,100,180,160,150,90,90,3,TRUE
384,Rayquaza,dragon,flying,780,105,180,100,180,100,115,3,TRUE
385,Jirachi,steel,psychic,600,100,100,100,100,100,100,3,TRUE
386,Deoxys,psychic,,600,50,95,90,95,90,180,3,TRUE
387,Turtwig,grass,,318,55,68,64,45,55,31,4,FALSE
388,Grotle,grass,,405,75,89,85,55,65,36,4,FALSE
389,Torterra,grass,ground,525,95,109,105,75,85,56,4,FALSE
390,Chimchar,fire,,309,44,58,44,58,44,61,4,FALSE
391,Monferno,fire,fighting,405,64,78,52,78,52,81,4,FALSE
392,Infernape,fire,fighting,534,76,104,71,104,71,108,4,FALSE
393,Piplup,water,,314,53,51,53,61,56,40,4,FALSE
394,Prinplup,water,,405,64,66,68,81,76,50,4,FALSE
395,Empoleon,water,steel,530,84,86,88,111,101,60,4,FALSE
396,Starly,normal,flying,245,40,55,30,30,30,60,4,FALSE
397,Staravia,normal,flying,340,55,75,50,40,40,80,4,FALSE
398,Staraptor,normal,flying,485,85,120,70,50,60,100,4,FALSE
399,Bidoof,normal,,250,59,45,40,35,40,31,4,FALSE
400,Bibarel,normal,water,410,79,85,60,55,60,71,4,FALSE
401,Kricketot,bug,,194,37,25,41,25,41,25,4,FALSE
402,Kricketune,bug,,384,77,85,51,55,51,65,4,FALSE
403,Shinx,electric,,263,45,65,34,40,34,45,4,FALSE
404,Luxio,electric,,363,60,85,49,60,49,60,4,FALSE
405,Luxray,electric,,523,80,120,79,95,79,70,4,FALSE
406,Budew,grass,poison,280,40,30,35,50,70,55,4,FALSE
407,Roserade,grass,poison,515,60,70,65,125,105,90,4,FALSE
408,Cranidos,rock,,350,67,125,40,30,30,58,4,FALSE
409,Rampardos,rock,,495,97,165,60,65,50,58,4,FALSE
410,Shieldon,rock,steel,350,30,42,118,42,88,30,4,FALSE
411,Bastiodon,rock,steel,495,60,52,168,47,138,30,4,FALSE
412,Burmy,bug,,224,40,29,45,29,45,36,4,FALSE
413,Wormadam,bug,grass,424,60,69,95,69,95,36,4,FALSE
414,Mothim,bug,flying,424,70,94,50,94,50,66,4,FALSE
415,Combee,bug,flying,244,30,30,42,30,42,70,4,FALSE
416,Vespiquen,bug,flying,474,70,80,102,80,102,40,4,FALSE
417,Pachirisu,electric,,405,60,45,70,45,90,95,4,FALSE
418,Buizel,water,,330,55,65,35,60,30,85,4,FALSE
419,Floatzel,water,,495,85,105,55,85,50,115,4,FALSE
420,Cherubi,grass,,275,45,35,45,62,53,35,4,FALSE
421,Cherrim,grass,,450,70,60,70,87,78,85,4,FALSE
422,Shellos,water,,325,76,48,48,57,62,34,4,FALSE
423,Gastrodon,water,ground,475,111,83,68,92,82,39,4,FALSE
424,Ambipom,normal,,482,75,100,66,60,66,115,4,FALSE
425,Drifloon,ghost,flying,348,90,50,34,60,44,70,4,FALSE
426,Drifblim,ghost,flying,498,150,80,44,90,54,80,4,FALSE
427,Buneary,normal,,350,55,66,44,44,56,85,4,FALSE
428,Lopunny,normal,,580,65,136,94,54,96,135,4,FALSE
429,Mismagius,ghost,,495,60,60,60,105,105,105,4,FALSE
430,Honchkrow,dark,flying,505,100,125,52,105,52,71,4,FALSE
431,Glameow,normal,,310,49,55,42,42,37,85,4,FALSE
432,Purugly,normal,,452,71,82,64,64,59,112,4,FALSE
433,Chingling,psychic,,285,45,30,50,65,50,45,4,FALSE
434,Stunky,poison,dark,329,63,63,47,41,41,74,4,FALSE
435,Skuntank,poison,dark,479,103,93,67,71,61,84,4,FALSE
436,Bronzor,steel,psychic,300,57,24,86,24,86,23,4,FALSE
437,Bronzong,steel,psychic,500,67,89,116,79,116,33,4,FALSE
438,Bonsly,rock,,290,50,80,95,10,45,10,4,FALSE
439,Mime Jr.,psychic,fairy,310,20,25,45,70,90,60,4,FALSE
440,Happiny,normal,,220,100,5,5,15,65,30,4,FALSE
441,Chatot,normal,flying,411,76,65,45,92,42,91,4,FALSE
442,Spiritomb,ghost,dark,485,50,92,108,92,108,35,4,FALSE
443,Gible,dragon,ground,300,58,70,45,40,45,42,4,FALSE
444,Gabite,dragon,ground,410,68,90,65,50,55,82,4,FALSE
445,Garchomp,dragon,ground,700,108,170,115,120,95,92,4,FALSE
446,Munchlax,normal,,390,135,85,40,40,85,5,4,FALSE
447,Riolu,fighting,,285,40,70,40,35,40,60,4,FALSE
448,Lucario,fighting,steel,625,70,145,88,140,70,112,4,FALSE
449,Hippopotas,ground,,330,68,72,78,38,42,32,4,FALSE
450,Hippowdon,ground,,525,108,112,118,68,72,47,4,FALSE
451,Skorupi,poison,bug,330,40,50,90,30,55,65,4,FALSE
452,Drapion,poison,dark,500,70,90,110,60,75,95,4,FALSE
453,Croagunk,poison,fighting,300,48,61,40,61,40,50,4,FALSE
454,Toxicroak,poison,fighting,490,83,106,65,86,65,85,4,FALSE
455,Carnivine,grass,,454,74,100,72,90,72,46,4,FALSE
456,Finneon,water,,330,49,49,56,49,61,66,4,FALSE
457,Lumineon,water,,460,69,69,76,69,86,91,4,FALSE
458,Mantyke,water,flying,345,45,20,50,60,120,50,4,FALSE
459,Snover,grass,ice,334,60,62,50,62,60,40,4,FALSE
460,Abomasnow,grass,ice,594,90,132,105,132,105,30,4,FALSE
461,Weavile,dark,ice,510,70,120,65,45,85,125,4,FALSE
462,Magnezone,electric,steel,535,70,70,115,130,90,60,4,FALSE
463,Lickilicky,normal,,515,110,85,95,80,95,50,4,FALSE
464,Rhyperior,ground,rock,535,115,140,130,55,55,40,4,FALSE
465,Tangrowth,grass,,535,100,100,125,110,50,50,4,FALSE
466,Electivire,electric,,540,75,123,67,95,85,95,4,FALSE
467,Magmortar,fire,,540,75,95,67,125,95,83,4,FALSE
468,Togekiss,fairy,flying,545,85,50,95,120,115,80,4,FALSE
469,Yanmega,bug,flying,515,86,76,86,116,56,95,4,FALSE
470,Leafeon,grass,,525,65,110,130,60,65,95,4,FALSE
471,Glaceon,ice,,525,65,60,110,130,95,65,4,FALSE
472,Gliscor,ground,flying,510,75,95,125,45,75,95,4,FALSE
473,Mamoswine,ice,ground,530,110,130,80,70,60,80,4,FALSE
474,Porygon-Z,normal,,535,85,80,70,135,75,90,4,FALSE
475,Gallade,psychic,fighting,618,68,165,95,65,115,110,4,FALSE
476,Probopass,rock,steel,525,60,55,145,75,150,40,4,FALSE
477,Dusknoir,ghost,,525,45,100,135,65,135,45,4,FALSE
478,Froslass,ice,ghost,480,70,80,70,80,70,110,4,FALSE
479,Rotom,electric,ghost,520,50,65,107,105,107,86,4,FALSE
480,Uxie,psychic,,580,75,75,130,75,130,95,4,TRUE
481,Mesprit,psychic,,580,80,105,105,105,105,80,4,TRUE
482,Azelf,psychic,,580,75,125,70,125,70,115,4,TRUE
483,Dialga,steel,dragon,680,100,120,120,150,100,90,4,TRUE
484,Palkia,water,dragon,680,90,120,100,150,120,100,4,TRUE
485,Heatran,fire,steel,600,91,90,106,130,106,77,4,TRUE
486,Regigigas,normal,,670,110,160,110,80,110,100,4,TRUE
487,Giratina,ghost,dragon,680,150,120,100,120,100,90,4,TRUE
488,Cresselia,psychic,,600,120,70,120,75,130,85,4,TRUE
489,Phione,water,,480,80,80,80,80,80,80,4,TRUE
490,Manaphy,water,,600,100,100,100,100,100,100,4,TRUE
491,Darkrai,dark,,600,70,90,90,135,90,125,4,TRUE
492,Shaymin,grass,grass,600,100,103,75,120,75,127,4,TRUE
493,Arceus,normal,,720,120,120,120,120,120,120,4,TRUE
494,Victini,psychic,fire,600,100,100,100,100,100,100,5,TRUE
495,Snivy,grass,,308,45,45,55,45,55,63,5,FALSE
496,Servine,grass,,413,60,60,75,60,75,83,5,FALSE
497,Serperior,grass,,528,75,75,95,75,95,113,5,FALSE
498,Tepig,fire,,308,65,63,45,45,45,45,5,FALSE
499,Pignite,fire,fighting,418,90,93,55,70,55,55,5,FALSE
500,Emboar,fire,fighting,528,110,123,65,100,65,65,5,FALSE
501,Oshawott,water,,308,55,55,45,63,45,45,5,FALSE
502,Dewott,water,,413,75,75,60,83,60,60,5,FALSE
503,Samurott,water,,528,95,100,85,108,70,70,5,FALSE
504,Patrat,normal,,255,45,55,39,35,39,42,5,FALSE
505,Watchog,normal,,420,60,85,69,60,69,77,5,FALSE
506,Lillipup,normal,,275,45,60,45,25,45,55,5,FALSE
507,Herdier,normal,,370,65,80,65,35,65,60,5,FALSE
508,Stoutland,normal,,500,85,110,90,45,90,80,5,FALSE
509,Purrloin,dark,,281,41,50,37,50,37,66,5,FALSE
510,Liepard,dark,,446,64,88,50,88,50,106,5,FALSE
511,Pansage,grass,,316,50,53,48,53,48,64,5,FALSE
512,Simisage,grass,,498,75,98,63,98,63,101,5,FALSE
513,Pansear,fire,,316,50,53,48,53,48,64,5,FALSE
514,Simisear,fire,,498,75,98,63,98,63,101,5,FALSE
515,Panpour,water,,316,50,53,48,53,48,64,5,FALSE
516,Simipour,water,,498,75,98,63,98,63,101,5,FALSE
517,Munna,psychic,,292,76,25,45,67,55,24,5,FALSE
518,Musharna,psychic,,487,116,55,85,107,95,29,5,FALSE
519,Pidove,normal,flying,264,50,55,50,36,30,43,5,FALSE
520,Tranquill,normal,flying,358,62,77,62,50,42,65,5,FALSE
521,Unfezant,normal,flying,488,80,115,80,65,55,93,5,FALSE
522,Blitzle,electric,,295,45,60,32,50,32,76,5,FALSE
523,Zebstrika,electric,,497,75,100,63,80,63,116,5,FALSE
524,Roggenrola,rock,,280,55,75,85,25,25,15,5,FALSE
525,Boldore,rock,,390,70,105,105,50,40,20,5,FALSE
526,Gigalith,rock,,515,85,135,130,60,80,25,5,FALSE
527,Woobat,psychic,flying,323,65,45,43,55,43,72,5,FALSE
528,Swoobat,psychic,flying,425,67,57,55,77,55,114,5,FALSE
529,Drilbur,ground,,328,60,85,40,30,45,68,5,FALSE
530,Excadrill,ground,steel,508,110,135,60,50,65,88,5,FALSE
531,Audino,normal,,545,103,60,126,80,126,50,5,FALSE
532,Timburr,fighting,,305,75,80,55,25,35,35,5,FALSE
533,Gurdurr,fighting,,405,85,105,85,40,50,40,5,FALSE
534,Conkeldurr,fighting,,505,105,140,95,55,65,45,5,FALSE
535,Tympole,water,,294,50,50,40,50,40,64,5,FALSE
536,Palpitoad,water,ground,384,75,65,55,65,55,69,5,FALSE
537,Seismitoad,water,ground,509,105,95,75,85,75,74,5,FALSE
538,Throh,fighting,,465,120,100,85,30,85,45,5,FALSE
539,Sawk,fighting,,465,75,125,75,30,75,85,5,FALSE
540,Sewaddle,bug,grass,310,45,53,70,40,60,42,5,FALSE
541,Swadloon,bug,grass,380,55,63,90,50,80,42,5,FALSE
542,Leavanny,bug,grass,500,75,103,80,70,80,92,5,FALSE
543,Venipede,bug,poison,260,30,45,59,30,39,57,5,FALSE
544,Whirlipede,bug,poison,360,40,55,99,40,79,47,5,FALSE
545,Scolipede,bug,poison,485,60,100,89,55,69,112,5,FALSE
546,Cottonee,grass,fairy,280,40,27,60,37,50,66,5,FALSE
547,Whimsicott,grass,fairy,480,60,67,85,77,75,116,5,FALSE
548,Petilil,grass,,280,45,35,50,70,50,30,5,FALSE
549,Lilligant,grass,,480,70,60,75,110,75,90,5,FALSE
550,Basculin,water,,460,70,92,65,80,55,98,5,FALSE
551,Sandile,ground,dark,292,50,72,35,35,35,65,5,FALSE
552,Krokorok,ground,dark,351,60,82,45,45,45,74,5,FALSE
553,Krookodile,ground,dark,519,95,117,80,65,70,92,5,FALSE
554,Darumaka,fire,,315,70,90,45,15,45,50,5,FALSE
555,Darmanitan,fire,fire,540,105,30,105,140,105,55,5,FALSE
556,Maractus,grass,,461,75,86,67,106,67,60,5,FALSE
557,Dwebble,bug,rock,325,50,65,85,35,35,55,5,FALSE
558,Crustle,bug,rock,485,70,105,125,65,75,45,5,FALSE
559,Scraggy,dark,fighting,348,50,75,70,35,70,48,5,FALSE
560,Scrafty,dark,fighting,488,65,90,115,45,115,58,5,FALSE
561,Sigilyph,psychic,flying,490,72,58,80,103,80,97,5,FALSE
562,Yamask,ghost,,303,38,30,85,55,65,30,5,FALSE
563,Cofagrigus,ghost,,483,58,50,145,95,105,30,5,FALSE
564,Tirtouga,water,rock,355,54,78,103,53,45,22,5,FALSE
565,Carracosta,water,rock,495,74,108,133,83,65,32,5,FALSE
566,Archen,rock,flying,401,55,112,45,74,45,70,5,FALSE
567,Archeops,rock,flying,567,75,140,65,112,65,110,5,FALSE
568,Trubbish,poison,,329,50,50,62,40,62,65,5,FALSE
569,Garbodor,poison,,474,80,95,82,60,82,75,5,FALSE
570,Zorua,dark,,330,40,65,40,80,40,65,5,FALSE
571,Zoroark,dark,,510,60,105,60,120,60,105,5,FALSE
572,Minccino,normal,,300,55,50,40,40,40,75,5,FALSE
573,Cinccino,normal,,470,75,95,60,65,60,115,5,FALSE
574,Gothita,psychic,,290,45,30,50,55,65,45,5,FALSE
575,Gothorita,psychic,,390,60,45,70,75,85,55,5,FALSE
576,Gothitelle,psychic,,490,70,55,95,95,110,65,5,FALSE
577,Solosis,psychic,,290,45,30,40,105,50,20,5,FALSE
578,Duosion,psychic,,370,65,40,50,125,60,30,5,FALSE
579,Reuniclus,psychic,,490,110,65,75,125,85,30,5,FALSE
580,Ducklett,water,flying,305,62,44,50,44,50,55,5,FALSE
581,Swanna,water,flying,473,75,87,63,87,63,98,5,FALSE
582,Vanillite,ice,,305,36,50,50,65,60,44,5,FALSE
583,Vanillish,ice,,395,51,65,65,80,75,59,5,FALSE
584,Vanilluxe,ice,,535,71,95,85,110,95,79,5,FALSE
585,Deerling,normal,grass,335,60,60,50,40,50,75,5,FALSE
586,Sawsbuck,normal,grass,475,80,100,70,60,70,95,5,FALSE
587,Emolga,electric,flying,428,55,75,60,75,60,103,5,FALSE
588,Karrablast,bug,,315,50,75,45,40,45,60,5,FALSE
589,Escavalier,bug,steel,495,70,135,105,60,105,20,5,FALSE
590,Foongus,grass,poison,294,69,55,45,55,55,15,5,FALSE
591,Amoonguss,grass,poison,464,114,85,70,85,80,30,5,FALSE
592,Frillish,water,ghost,335,55,40,50,65,85,40,5,FALSE
593,Jellicent,water,ghost,480,100,60,70,85,105,60,5,FALSE
594,Alomomola,water,,470,165,75,80,40,45,65,5,FALSE
595,Joltik,bug,electric,319,50,47,50,57,50,65,5,FALSE
596,Galvantula,bug,electric,472,70,77,60,97,60,108,5,FALSE
597,Ferroseed,grass,steel,305,44,50,91,24,86,10,5,FALSE
598,Ferrothorn,grass,steel,489,74,94,131,54,116,20,5,FALSE
599,Klink,steel,,300,40,55,70,45,60,30,5,FALSE
600,Klang,steel,,440,60,80,95,70,85,50,5,FALSE
601,Klinklang,steel,,520,60,100,115,70,85,90,5,FALSE
602,Tynamo,electric,,275,35,55,40,45,40,60,5,FALSE
603,Eelektrik,electric,,405,65,85,70,75,70,40,5,FALSE
604,Eelektross,electric,,515,85,115,80,105,80,50,5,FALSE
605,Elgyem,psychic,,335,55,55,55,85,55,30,5,FALSE
606,Beheeyem,psychic,,485,75,75,75,125,95,40,5,FALSE
607,Litwick,ghost,fire,275,50,30,55,65,55,20,5,FALSE
608,Lampent,ghost,fire,370,60,40,60,95,60,55,5,FALSE
609,Chandelure,ghost,fire,520,60,55,90,145,90,80,5,FALSE
610,Axew,dragon,,320,46,87,60,30,40,57,5,FALSE
611,Fraxure,dragon,,410,66,117,70,40,50,67,5,FALSE
612,Haxorus,dragon,,540,76,147,90,60,70,97,5,FALSE
613,Cubchoo,ice,,305,55,70,40,60,40,40,5,FALSE
614,Beartic,ice,,505,95,130,80,70,80,50,5,FALSE
615,Cryogonal,ice,,515,80,50,50,95,135,105,5,FALSE
616,Shelmet,bug,,305,50,40,85,40,65,25,5,FALSE
617,Accelgor,bug,,495,80,70,40,100,60,145,5,FALSE
618,Stunfisk,ground,electric,471,109,66,84,81,99,32,5,FALSE
619,Mienfoo,fighting,,350,45,85,50,55,50,65,5,FALSE
620,Mienshao,fighting,,510,65,125,60,95,60,105,5,FALSE
621,Druddigon,dragon,,485,77,120,90,60,90,48,5,FALSE
622,Golett,ground,ghost,303,59,74,50,35,50,35,5,FALSE
623,Golurk,ground,ghost,483,89,124,80,55,80,55,5,FALSE
624,Pawniard,dark,steel,340,45,85,70,40,40,60,5,FALSE
625,Bisharp,dark,steel,490,65,125,100,60,70,70,5,FALSE
626,Bouffalant,normal,,490,95,110,95,40,95,55,5,FALSE
627,Rufflet,normal,flying,350,70,83,50,37,50,60,5,FALSE
628,Braviary,normal,flying,510,100,123,75,57,75,80,5,FALSE
629,Vullaby,dark,flying,370,70,55,75,45,65,60,5,FALSE
630,Mandibuzz,dark,flying,510,110,65,105,55,95,80,5,FALSE
631,Heatmor,fire,,484,85,97,66,105,66,65,5,FALSE
632,Durant,bug,steel,484,58,109,112,48,48,109,5,FALSE
633,Deino,dark,dragon,300,52,65,50,45,50,38,5,FALSE
634,Zweilous,dark,dragon,420,72,85,70,65,70,58,5,FALSE
635,Hydreigon,dark,dragon,600,92,105,90,125,90,98,5,FALSE
636,Larvesta,bug,fire,360,55,85,55,50,55,60,5,FALSE
637,Volcarona,bug,fire,550,85,60,65,135,105,100,5,FALSE
638,Cobalion,steel,fighting,580,91,90,129,90,72,108,5,TRUE
639,Terrakion,rock,fighting,580,91,129,90,72,90,108,5,TRUE
640,Virizion,grass,fighting,580,91,90,72,90,129,108,5,TRUE
641,Tornadus,flying,,580,79,100,80,110,90,121,5,TRUE
642,Thundurus,electric,flying,580,79,105,70,145,80,101,5,TRUE
643,Reshiram,dragon,fire,680,100,120,100,150,120,90,5,TRUE
644,Zekrom,dragon,electric,680,100,150,120,120,100,90,5,TRUE
645,Landorus,ground,flying,600,89,145,90,105,80,91,5,TRUE
646,Kyurem,dragon,ice,700,125,120,90,170,100,95,5,TRUE
647,Keldeo,water,fighting,580,91,72,90,129,90,108,5,TRUE
648,Meloetta,normal,psychic,600,100,128,90,77,77,128,5,TRUE
649,Genesect,bug,steel,600,71,120,95,120,95,99,5,TRUE
650,Chespin,grass,,313,56,61,65,48,45,38,6,FALSE
651,Quilladin,grass,,405,61,78,95,56,58,57,6,FALSE
652,Chesnaught,grass,fighting,530,88,107,122,74,75,64,6,FALSE
653,Fennekin,fire,,307,40,45,40,62,60,60,6,FALSE
654,Braixen,fire,,409,59,59,58,90,70,73,6,FALSE
655,Delphox,fire,psychic,534,75,69,72,114,100,104,6,FALSE
656,Froakie,water,,314,41,56,40,62,44,71,6,FALSE
657,Frogadier,water,,405,54,63,52,83,56,97,6,FALSE
658,Greninja,water,dark,640,72,145,67,153,71,132,6,FALSE
659,Bunnelby,normal,,237,38,36,38,32,36,57,6,FALSE
660,Diggersby,normal,ground,423,85,56,77,50,77,78,6,FALSE
661,Fletchling,normal,flying,278,45,50,43,40,38,62,6,FALSE
662,Fletchinder,fire,flying,382,62,73,55,56,52,84,6,FALSE
663,Talonflame,fire,flying,499,78,81,71,74,69,126,6,FALSE
664,Scatterbug,bug,,200,38,35,40,27,25,35,6,FALSE
665,Spewpa,bug,,213,45,22,60,27,30,29,6,FALSE
666,Vivillon,bug,flying,411,80,52,50,90,50,89,6,FALSE
667,Litleo,fire,normal,369,62,50,58,73,54,72,6,FALSE
668,Pyroar,fire,normal,507,86,68,72,109,66,106,6,FALSE
669,Flabébé,fairy,,303,44,38,39,61,79,42,6,FALSE
670,Floette,fairy,,551,74,65,67,125,128,92,6,FALSE
671,Florges,fairy,,552,78,65,68,112,154,75,6,FALSE
672,Skiddo,grass,,350,66,65,48,62,57,52,6,FALSE
673,Gogoat,grass,,531,123,100,62,97,81,68,6,FALSE
674,Pancham,fighting,,348,67,82,62,46,48,43,6,FALSE
675,Pangoro,fighting,dark,495,95,124,78,69,71,58,6,FALSE
676,Furfrou,normal,,472,75,80,60,65,90,102,6,FALSE
677,Espurr,psychic,,355,62,48,54,63,60,68,6,FALSE
678,Meowstic,psychic,,466,74,48,76,83,81,104,6,FALSE
679,Honedge,steel,ghost,325,45,80,100,35,37,28,6,FALSE
680,Doublade,steel,ghost,448,59,110,150,45,49,35,6,FALSE
681,Aegislash,steel,ghost,520,60,150,50,150,50,60,6,FALSE
682,Spritzee,fairy,,341,78,52,60,63,65,23,6,FALSE
683,Aromatisse,fairy,,462,101,72,72,99,89,29,6,FALSE
684,Swirlix,fairy,,341,62,48,66,59,57,49,6,FALSE
685,Slurpuff,fairy,,480,82,80,86,85,75,72,6,FALSE
686,Inkay,dark,psychic,288,53,54,53,37,46,45,6,FALSE
687,Malamar,dark,psychic,482,86,92,88,68,75,73,6,FALSE
688,Binacle,rock,water,306,42,52,67,39,56,50,6,FALSE
689,Barbaracle,rock,water,500,72,105,115,54,86,68,6,FALSE
690,Skrelp,poison,water,320,50,60,60,60,60,30,6,FALSE
691,Dragalge,poison,dragon,494,65,75,90,97,123,44,6,FALSE
692,Clauncher,water,,330,50,53,62,58,63,44,6,FALSE
693,Clawitzer,water,,500,71,73,88,120,89,59,6,FALSE
694,Helioptile,electric,normal,289,44,38,33,61,43,70,6,FALSE
695,Heliolisk,electric,normal,481,62,55,52,109,94,109,6,FALSE
696,Tyrunt,rock,dragon,362,58,89,77,45,45,48,6,FALSE
697,Tyrantrum,rock,dragon,521,82,121,119,69,59,71,6,FALSE
698,Amaura,rock,ice,362,77,59,50,67,63,46,6,FALSE
699,Aurorus,rock,ice,521,123,77,72,99,92,58,6,FALSE
700,Sylveon,fairy,,525,95,65,65,110,130,60,6,FALSE
701,Hawlucha,fighting,flying,500,78,92,75,74,63,118,6,FALSE
702,Dedenne,electric,fairy,431,67,58,57,81,67,101,6,FALSE
703,Carbink,rock,fairy,500,50,50,150,50,150,50,6,FALSE
704,Goomy,dragon,,300,45,50,35,55,75,40,6,FALSE
705,Sliggoo,dragon,,452,68,75,53,83,113,60,6,FALSE
706,Goodra,dragon,,600,90,100,70,110,150,80,6,FALSE
707,Klefki,steel,fairy,470,57,80,91,80,87,75,6,FALSE
708,Phantump,ghost,grass,309,43,70,48,50,60,38,6,FALSE
709,Trevenant,ghost,grass,474,85,110,76,65,82,56,6,FALSE
710,Pumpkaboo,ghost,grass,335,59,66,70,44,55,41,6,FALSE
711,Gourgeist,ghost,grass,494,85,100,122,58,75,54,6,FALSE
712,Bergmite,ice,,304,55,69,85,32,35,28,6,FALSE
713,Avalugg,ice,,514,95,117,184,44,46,28,6,FALSE
714,Noibat,flying,dragon,245,40,30,35,45,40,55,6,FALSE
715,Noivern,flying,dragon,535,85,70,80,97,80,123,6,FALSE
716,Xerneas,fairy,,680,126,131,95,131,98,99,6,TRUE
717,Yveltal,dark,flying,680,126,131,95,131,98,99,6,TRUE
718,Zygarde,dragon,ground,708,216,100,121,91,95,85,6,TRUE
719,Diancie,rock,fairy,700,50,160,110,160,110,110,6,TRUE
720,Hoopa,psychic,ghost,680,80,160,60,170,130,80,6,TRUE
721,Volcanion,fire,water,600,80,110,120,130,90,70,6,TRUE
722,Rowlet,grass,flying,320,68,55,55,50,50,42,7,FALSE
723,Dartrix,grass,flying,420,78,75,75,70,70,52,7,FALSE
724,Decidueye,grass,ghost,530,78,107,75,100,100,70,7,FALSE
725,Litten,fire,,320,45,65,40,60,40,70,7,FALSE
726,Torracat,fire,,420,65,85,50,80,50,90,7,FALSE
727,Incineroar,fire,dark,530,95,115,90,80,90,60,7,FALSE
728,Popplio,water,,320,50,54,54,66,56,40,7,FALSE
729,Brionne,water,,420,60,69,69,91,81,50,7,FALSE
730,Primarina,water,fairy,530,80,74,74,126,116,60,7,FALSE
731,Pikipek,normal,flying,265,35,75,30,30,30,65,7,FALSE
732,Trumbeak,normal,flying,355,55,85,50,40,50,75,7,FALSE
733,Toucannon,normal,flying,485,80,120,75,75,75,60,7,FALSE
734,Yungoos,normal,,253,48,70,30,30,30,45,7,FALSE
735,Gumshoos,normal,,418,88,110,60,55,60,45,7,FALSE
736,Grubbin,bug,,300,47,62,45,55,45,46,7,FALSE
737,Charjabug,bug,electric,400,57,82,95,55,75,36,7,FALSE
738,Vikavolt,bug,electric,500,77,70,90,145,75,43,7,FALSE
739,Crabrawler,fighting,,338,47,82,57,42,47,63,7,FALSE
740,Crabominable,fighting,ice,478,97,132,77,62,67,43,7,FALSE
741,Oricorio,fire,flying,476,75,70,70,98,70,93,7,FALSE
742,Cutiefly,bug,fairy,304,40,45,40,55,40,84,7,FALSE
743,Ribombee,bug,fairy,464,60,55,60,95,70,124,7,FALSE
744,Rockruff,rock,,280,45,65,40,30,40,60,7,FALSE
745,Lycanroc,rock,,487,85,115,75,55,75,82,7,FALSE
746,Wishiwashi,water,,620,45,140,130,140,135,30,7,FALSE
747,Mareanie,poison,water,305,50,53,62,43,52,45,7,FALSE
748,Toxapex,poison,water,495,50,63,152,53,142,35,7,FALSE
749,Mudbray,ground,,385,70,100,70,45,55,45,7,FALSE
750,Mudsdale,ground,,500,100,125,100,55,85,35,7,FALSE
751,Dewpider,water,bug,269,38,40,52,40,72,27,7,FALSE
752,Araquanid,water,bug,454,68,70,92,50,132,42,7,FALSE
753,Fomantis,grass,,250,40,55,35,50,35,35,7,FALSE
754,Lurantis,grass,,480,70,105,90,80,90,45,7,FALSE
755,Morelull,grass,fairy,285,40,35,55,65,75,15,7,FALSE
756,Shiinotic,grass,fairy,405,60,45,80,90,100,30,7,FALSE
757,Salandit,poison,fire,320,48,44,40,71,40,77,7,FALSE
758,Salazzle,poison,fire,480,68,64,60,111,60,117,7,FALSE
759,Stufful,normal,fighting,340,70,75,50,45,50,50,7,FALSE
760,Bewear,normal,fighting,500,120,125,80,55,60,60,7,FALSE
761,Bounsweet,grass,,210,42,30,38,30,38,32,7,FALSE
762,Steenee,grass,,290,52,40,48,40,48,62,7,FALSE
763,Tsareena,grass,,510,72,120,98,50,98,72,7,FALSE
764,Comfey,fairy,,485,51,52,90,82,110,100,7,FALSE
765,Oranguru,normal,psychic,490,90,60,80,90,110,60,7,FALSE
766,Passimian,fighting,,490,100,120,90,40,60,80,7,FALSE
767,Wimpod,bug,water,230,25,35,40,20,30,80,7,FALSE
768,Golisopod,bug,water,530,75,125,140,60,90,40,7,FALSE
769,Sandygast,ghost,ground,320,55,55,80,70,45,15,7,FALSE
770,Palossand,ghost,ground,480,85,75,110,100,75,35,7,FALSE
771,Pyukumuku,water,,410,55,60,130,30,130,5,7,FALSE
772,Type: Null,normal,,534,95,95,95,95,95,59,7,FALSE
773,Silvally,normal,,570,95,95,95,95,95,95,7,FALSE
774,Minior,rock,flying,500,60,100,60,100,60,120,7,FALSE
775,Komala,normal,,480,65,115,65,75,95,65,7,FALSE
776,Turtonator,fire,dragon,485,60,78,135,91,85,36,7,FALSE
777,Togedemaru,electric,steel,435,65,98,63,40,73,96,7,FALSE
778,Mimikyu,ghost,fairy,476,55,90,80,50,105,96,7,FALSE
779,Bruxish,water,psychic,475,68,105,70,70,70,92,7,FALSE
780,Drampa,normal,dragon,485,78,60,85,135,91,36,7,FALSE
781,Dhelmise,ghost,grass,517,70,131,100,86,90,40,7,FALSE
782,Jangmo-o,dragon,,300,45,55,65,45,45,45,7,FALSE
783,Hakamo-o,dragon,fighting,420,55,75,90,65,70,65,7,FALSE
784,Kommo-o,dragon,fighting,600,75,110,125,100,105,85,7,FALSE
785,Tapu Koko,electric,fairy,570,70,115,85,95,75,130,7,TRUE
786,Tapu Lele,psychic,fairy,570,70,85,75,130,115,95,7,TRUE
787,Tapu Bulu,grass,fairy,570,70,130,115,85,95,75,7,TRUE
788,Tapu Fini,water,fairy,570,70,75,115,95,130,85,7,TRUE
789,Cosmog,psychic,,200,43,29,31,29,31,37,7,TRUE
790,Cosmoem,psychic,,400,43,29,131,29,131,37,7,TRUE
791,Solgaleo,psychic,steel,680,137,137,107,113,89,97,7,TRUE
792,Lunala,psychic,ghost,680,137,113,89,137,107,97,7,TRUE
793,Nihilego,rock,poison,570,109,53,47,127,131,103,7,TRUE
794,Buzzwole,bug,fighting,570,107,139,139,53,53,79,7,TRUE
795,Pheromosa,bug,fighting,570,71,137,37,137,37,151,7,TRUE
796,Xurkitree,electric,,570,83,89,71,173,71,83,7,TRUE
797,Celesteela,steel,flying,570,97,101,103,107,101,61,7,TRUE
798,Kartana,grass,steel,570,59,181,131,59,31,109,7,TRUE
799,Guzzlord,dark,dragon,570,223,101,53,97,53,43,7,TRUE
800,Necrozma,psychic,,600,97,107,101,127,89,79,7,TRUE
801,Magearna,steel,fairy,600,80,95,115,130,115,65,7,TRUE
802,Marshadow,Fighting,Ghost,600,90,125,80,90,90,125,7,TRUE
803,Poipole,Poison,,420,67,73,67,73,67,73,7,TRUE
804,Naganadel,Poison,Dragon,540,73,73,73,127,73,121,7,TRUE
805,Stakataka,Rock,Steel,570,61,131,211,53,101,13,7,TRUE
806,Blacephalon,Fire,Ghost,570,53,127,53,151,79,107,7,TRUE
807,Zeraora,Electric,,600,88,112,75,102,80,143,7,TRUE
808,Meltan,Steel,,300,46,65,65,55,35,34,7,TRUE
809,Melmetal,Steel,,600,135,143,143,80,65,34,7,TRUE
810,Grookey,grass,,310,50,65,50,40,40,65,8,FALSE
811,Thwackey,grass,,420,70,85,70,55,60,80,8,FALSE
812,Rillaboom,grass,,530,100,125,90,60,70,85,8,FALSE
813,Scorbunny,fire,,310,50,71,40,40,40,69,8,FALSE
814,Raboot,fire,,420,65,86,60,55,60,94,8,FALSE
815,Cinderace,fire,,530,80,116,75,65,75,119,8,FALSE
816,Sobble,water,,310,50,40,40,70,40,70,8,FALSE
817,Drizzile,water,,420,65,60,55,95,55,90,8,FALSE
818,Inteleon,water,,530,70,85,65,125,65,120,8,FALSE
819,Skwovet,normal,,275,70,55,55,35,35,25,8,FALSE
820,Greedent,normal,,460,120,95,95,55,75,20,8,FALSE
821,Rookidee,flying,,245,38,47,35,33,35,57,8,FALSE
822,Corvisquire,flying,,365,68,67,55,43,55,77,8,FALSE
823,Corviknight,flying,steel,495,98,87,105,53,85,67,8,FALSE
824,Blipbug,bug,,180,25,20,20,25,45,45,8,FALSE
825,Dottler,bug,psychic,335,50,35,80,50,90,30,8,FALSE
826,Orbeetle,bug,psychic,505,60,45,110,80,120,90,8,FALSE
827,Nickit,dark,,245,40,28,28,47,52,50,8,FALSE
828,Thievul,dark,,455,70,58,58,87,92,90,8,FALSE
829,Gossifleur,grass,,250,40,40,60,40,60,10,8,FALSE
830,Eldegoss,grass,,460,60,50,90,80,120,60,8,FALSE
831,Wooloo,normal,,270,42,40,55,40,45,48,8,FALSE
832,Dubwool,normal,,490,72,80,100,60,90,88,8,FALSE
833,Chewtle,water,,284,50,64,50,38,38,44,8,FALSE
834,Drednaw,water,rock,485,90,115,90,48,68,74,8,FALSE
835,Yamper,electric,,270,59,45,50,40,50,26,8,FALSE
836,Boltund,electric,,490,69,90,60,90,60,121,8,FALSE
837,Rolycoly,rock,,240,30,40,50,40,50,30,8,FALSE
838,Carkol,rock,fire,410,80,60,90,60,70,50,8,FALSE
839,Coalossal,rock,fire,510,110,80,120,80,90,30,8,FALSE
840,Applin,grass,dragon,260,40,40,80,40,40,20,8,FALSE
841,Flapple,grass,dragon,485,70,110,80,95,60,70,8,FALSE
842,Appletun,grass,dragon,485,110,85,80,100,80,30,8,FALSE
843,Silicobra,ground,,315,52,57,75,35,50,46,8,FALSE
844,Sandaconda,ground,,510,72,107,125,65,70,71,8,FALSE
845,Cramorant,flying,water,475,70,85,55,85,95,85,8,FALSE
846,Arrokuda,water,,280,41,63,40,40,30,66,8,FALSE
847,Barraskewda,water,,490,61,123,60,60,50,136,8,FALSE
848,Toxel,electric,poison,242,40,38,35,54,35,40,8,FALSE
849,Toxtricity,electric,poison,502,75,98,70,114,70,75,8,FALSE
850,Sizzlipede,fire,bug,305,50,65,45,50,50,45,8,FALSE
851,Centiskorch,fire,bug,525,100,115,65,90,90,65,8,FALSE
852,Clobbopus,fighting,,310,50,68,60,50,50,32,8,FALSE
853,Grapploct,fighting,,480,80,118,90,70,80,42,8,FALSE
854,Sinistea,ghost,,308,40,45,45,74,54,50,8,FALSE
855,Polteageist,ghost,,508,60,65,65,134,114,70,8,FALSE
856,Hatenna,psychic,,265,42,30,45,56,53,39,8,FALSE
857,Hattrem,psychic,,370,57,40,65,86,73,49,8,FALSE
858,Hatterene,psychic,fairy,510,57,90,95,136,103,29,8,FALSE
859,Impidimp,dark,fairy,265,45,45,30,55,40,50,8,FALSE
860,Morgrem,dark,fairy,370,65,60,45,75,55,70,8,FALSE
861,Grimmsnarl,dark,fairy,510,95,120,65,95,75,60,8,FALSE
862,Obstagoon,dark,normal,520,93,90,101,60,81,95,8,FALSE
863,Perrserker,steel,,440,70,110,100,50,60,50,8,FALSE
864,Cursola,ghost,,510,60,95,50,145,130,30,8,FALSE
865,Sirfetch'd,fighting,,507,62,135,95,68,82,65,8,FALSE
866,Mr. Rime,ice,psychic,520,80,85,75,110,100,70,8,FALSE
867,Runerigus,ground,ghost,483,58,95,145,50,105,30,8,FALSE
868,Milcery,fairy,,270,45,40,40,50,61,34,8,FALSE
869,Alcremie,fairy,,495,65,60,75,110,121,64,8,FALSE
870,Falinks,fighting,,470,65,100,100,70,60,75,8,FALSE
871,Pincurchin,electric,,435,48,101,95,91,85,15,8,FALSE
872,Snom,ice,bug,185,30,25,35,45,30,20,8,FALSE
873,Frosmoth,ice,bug,475,70,65,60,125,90,65,8,FALSE
874,Stonjourner,rock,,470,100,125,135,20,20,70,8,FALSE
875,Eiscue,ice,,470,75,80,110,65,90,50,8,FALSE
876,Indeedee,psychic,normal,475,60,65,55,105,95,95,8,FALSE
877,Morpeko,electric,dark,436,58,95,58,70,58,97,8,FALSE
878,Cufant,steel,,330,72,80,49,40,49,40,8,FALSE
879,Copperajah,steel,,500,122,130,69,80,69,30,8,FALSE
880,Dracozolt,electric,dragon,505,90,100,90,80,70,75,8,FALSE
881,Arctozolt,electric,ice,505,90,100,90,90,80,55,8,FALSE
882,Dracovish,water,dragon,505,90,90,100,70,80,75,8,FALSE
883,Arctovish,water,ice,505,90,90,100,80,90,55,8,FALSE
884,Duraludon,steel,dragon,535,70,95,115,120,50,85,8,FALSE
885,Dreepy,dragon,ghost,270,28,60,30,40,30,82,8,FALSE
886,Drakloak,dragon,ghost,410,68,80,50,60,50,102,8,FALSE
887,Dragapult,dragon,ghost,600,88,120,75,100,75,142,8,FALSE
888,Zacian,fairy,,670,92,130,115,80,115,138,8,TRUE
889,Zamazenta,fighting,,670,92,130,115,80,115,138,8,TRUE